{
  "configVersion": 1,
  "timestamp": 1569906455771,
  "index": "/index.html",
  "assetGroups": [
    {
      "name": "app",
      "installMode": "prefetch",
      "updateMode": "prefetch",
      "urls": [
        "/1.6cba7dcc5e249b41d952.js",
        "/100.c914d96c92af6b30c2da.js",
        "/101.8ed984b2cb64bb743c47.js",
        "/102.112ce08f909d48ec7ffd.js",
        "/103.86f529e433c6596fa539.js",
        "/104.ddaac8469d18a03b028a.js",
        "/105.72c99ed3ee7e15fb6811.js",
        "/106.5b6f3dad9e5255089774.js",
        "/107.3efdbce09348177a8d62.js",
        "/108.8e0d71f2d3b43ece053c.js",
        "/109.8d24daf3b674cb9bdf8e.js",
        "/110.16dc6b8e0100b473023d.js",
        "/111.80e0e148aa91063eff5f.js",
        "/112.3b3fa1b47156ed9d0e1e.js",
        "/113.39b4da7d13f316610531.js",
        "/14.9324ff79c14884b77eae.js",
        "/15.a7c279c45f70cc613cfa.js",
        "/16.5381ea10be4fda6ff0f8.js",
        "/17.fc911b183be370e2e1d2.js",
        "/18.c3164207c3674e4c81a1.js",
        "/19.5abe582d68c919976d89.js",
        "/20.b3de2f8895938694d1cd.js",
        "/21.e25d44c70149da7153d0.js",
        "/22.d38517e555ac463a7092.js",
        "/23.e931474e86fead8bfbbd.js",
        "/24.5cec12c9c4d246e75b65.js",
        "/25.573840a20f4dff11d064.js",
        "/26.85f68a5f6eb12503c89c.js",
        "/27.bdc47ad4b6ba953bcb71.js",
        "/28.0de816d84d12064a3f0c.js",
        "/29.7a4ce2e41d1f8b9286dd.js",
        "/3.2f8e6e12fcee2619d633.js",
        "/30.a2564b7b5abf88f29153.js",
        "/31.4d1eb8e0fd1129988f74.js",
        "/32.43e69cd3bd426c1a1ce4.js",
        "/33.5fd734f7bb7eb8b20457.js",
        "/34.ea015b2003ccba159f61.js",
        "/35.28a8acd9bbf0669a94d0.js",
        "/36.a6018e0531d72c469cc6.js",
        "/37.3889d34b6bc3726e45c1.js",
        "/38.abd3022c217ec319d236.js",
        "/39.4878075ee3db41871cdb.js",
        "/4.db39421dd4dcc4f381aa.js",
        "/40.e336a291f142885d14b9.js",
        "/41.85bbb8f998ba81417f1b.js",
        "/42.32827716e911aed97891.js",
        "/43.a99d5e757719e83517f6.js",
        "/44.a4e57436db696b9b9dbc.js",
        "/45.1a7af318cf373f2fd70c.js",
        "/46.4b78611c1b49d0bd1312.js",
        "/47.8bda4cfc995db820a9bd.js",
        "/48.eba785ecc95c7afd8888.js",
        "/49.c95598a537b86d5f0d17.js",
        "/5.48be576fbfab964a874a.js",
        "/50.2ca9796928f4af6e7f55.js",
        "/51.df64397c3d3bb368a808.js",
        "/52.2384a18b34d4a4643121.js",
        "/53.c7de0ff8d902df4f7fe2.js",
        "/54.19a6f9b56b1b7db927e0.js",
        "/55.1e3b859bd268105e26de.js",
        "/56.1e384e5307f8dafd9d7c.js",
        "/57.799a87b83258d1cb32e9.js",
        "/58.94fdcfed256569198bd2.js",
        "/59.ca7d2bb2ac0928651528.js",
        "/6.a25541c3594459d6ca4d.js",
        "/60.f07fbd2502d1d6ba15f9.js",
        "/61.316334543224c48ec358.js",
        "/62.f2c2c96994b307da6156.js",
        "/63.cb51f35e031e5d22c388.js",
        "/64.64b00ea515d0cf8a37ec.js",
        "/65.8364b8e6f214b8349478.js",
        "/66.c47c3e254d51c778174c.js",
        "/67.2e2c854f5587a7b46d19.js",
        "/68.d48db75294774b4267f7.js",
        "/69.fda442d3e053b65f3188.js",
        "/7.4c13fe81f959b4668d94.js",
        "/70.724e42d973ef80a77cb2.js",
        "/71.abddb8fef6445601dd57.js",
        "/72.6e35a779c1f2832c656c.js",
        "/73.0197a61243e665bd2135.js",
        "/74.54b2254403c7d68acec7.js",
        "/75.ab4d6bf165cd3b22c69d.js",
        "/76.2c6915f38a1a0d42c93f.js",
        "/77.a93ed50b85965d28b57a.js",
        "/78.3d7afbdbee6fc94133bb.js",
        "/79.4275dfa477bc4934b65b.js",
        "/8.ffa7d392bfb4e9963d1e.js",
        "/80.034b1375ad2535a6546a.js",
        "/81.a47f1cd24c38d97f7ea0.js",
        "/82.0680ffa62bcb867a68fc.js",
        "/83.879f5b7bc078399c5c68.js",
        "/84.8ac3c6ab1aff4c3e077d.js",
        "/85.c22370b54515e208d02a.js",
        "/86.796edd863d32385d5cba.js",
        "/87.98248a6780073485bd0b.js",
        "/88.911c8b5bf7d88057bfee.js",
        "/89.54bd3856c8135a36af45.js",
        "/9.dc127f81684fa142ef9c.js",
        "/90.786db96760ff9d35f078.js",
        "/91.574b0423ba7954e9b2f3.js",
        "/92.f6864a3fd89425608f4b.js",
        "/93.dc5d7fc5ddd6c5bd6b58.js",
        "/94.9b118e41c63d819dbc94.js",
        "/95.3ea54322a54c3b0c29e4.js",
        "/96.c0a2ab4f26e2c7adf2c3.js",
        "/97.c29e1b62c4761f2c930d.js",
        "/98.6f86bed4120d57afdc1c.js",
        "/99.c3a99a8be6135df6a5be.js",
        "/common.4adaa20e5a5b28938dd3.js",
        "/es2015-polyfills.8b9447bc0f8cf04c9cff.js",
        "/index.html",
        "/main.cd9c32a021b24ef11b6b.js",
        "/polyfills.1783961edf653265edc9.js",
        "/runtime.32ab01c306c71cee5a52.js",
        "/styles.b0ba1c618200972750c0.css"
      ],
      "patterns": []
    },
    {
      "name": "assets",
      "installMode": "lazy",
      "updateMode": "prefetch",
      "urls": [
        "/assets/icon/favicon.png",
        "/assets/icons/icon-128x128.png",
        "/assets/icons/icon-144x144.png",
        "/assets/icons/icon-152x152.png",
        "/assets/icons/icon-192x192.png",
        "/assets/icons/icon-384x384.png",
        "/assets/icons/icon-512x512.png",
        "/assets/icons/icon-72x72.png",
        "/assets/icons/icon-96x96.png",
        "/assets/images/Default_Profile.png",
        "/assets/images/bg_patern.png",
        "/assets/images/fastester_logo.png",
        "/assets/images/fuel_icon.jpg",
        "/assets/images/login_box.png",
        "/assets/images/points2_icon.jpg",
        "/assets/images/points_icon.jpg",
        "/assets/images/rookie_icon.jpg",
        "/assets/shapes.svg"
      ],
      "patterns": []
    }
  ],
  "dataGroups": [],
  "hashTable": {
    "/1.6cba7dcc5e249b41d952.js": "bb97d2a4cbfeed3ead7b3e52a6a9fe4f90cbd9ab",
    "/100.c914d96c92af6b30c2da.js": "87806b7b821081589c6cdd97a2349646d427609f",
    "/101.8ed984b2cb64bb743c47.js": "4c615ef0b98ca199215ec35c91f2b029167284f0",
    "/102.112ce08f909d48ec7ffd.js": "0b895c8e2443c8ec98c38efd85d59467e72ac510",
    "/103.86f529e433c6596fa539.js": "9d9b588ab16224044cd2ce88d19378323c3d7928",
    "/104.ddaac8469d18a03b028a.js": "df636e2b9d7bf526d43e44fc58b52d9aaa933355",
    "/105.72c99ed3ee7e15fb6811.js": "89a4713e0a60e9fd8af634eca190d24a226be299",
    "/106.5b6f3dad9e5255089774.js": "53ce951abe635f0d8ec8619602f35eea72610e06",
    "/107.3efdbce09348177a8d62.js": "cc156fe6d6b033e238462cfbd509cb513dc68ee4",
    "/108.8e0d71f2d3b43ece053c.js": "7645ca3dd82be25ddbac3d8a5f758096d07cf786",
    "/109.8d24daf3b674cb9bdf8e.js": "d0b336a1214ef94c406dadec947fbaedabd7794c",
    "/110.16dc6b8e0100b473023d.js": "7a6a37f492466cfbb78cfa77d086a696e3b17c2e",
    "/111.80e0e148aa91063eff5f.js": "9fa55686caede61ad6ade3ba37249efe754ecdaa",
    "/112.3b3fa1b47156ed9d0e1e.js": "64ed47736f1ba362b52a0fa7555c397e768f348b",
    "/113.39b4da7d13f316610531.js": "3044fadb00172233bfd5e67fcc8a39ac2c6820de",
    "/14.9324ff79c14884b77eae.js": "c67923b926d77ba0161802b4ccd1a6870ff1b6fb",
    "/15.a7c279c45f70cc613cfa.js": "9be73cdb8c2bdc3f5cd37f9c29889e6b6d267da2",
    "/16.5381ea10be4fda6ff0f8.js": "3b33dc04f12d66234988d6b1eded9af724dda649",
    "/17.fc911b183be370e2e1d2.js": "d1e59e1984c9a4283c858944d923df5a96022b0f",
    "/18.c3164207c3674e4c81a1.js": "d402bca851cdf7ffc3dd69e12be34e9182542cb1",
    "/19.5abe582d68c919976d89.js": "50fd93349f2055578fcdde8047fcfa824fceeb21",
    "/20.b3de2f8895938694d1cd.js": "079b9b45e42753fee5214fc0ad14c455cfb3b3f9",
    "/21.e25d44c70149da7153d0.js": "9fdb27a23f946b92d1588a4f689431fb68f1147f",
    "/22.d38517e555ac463a7092.js": "a68e020826ac932c1e6a6aa27bb1af4381564cc2",
    "/23.e931474e86fead8bfbbd.js": "af9e8f46abd714f779343972bd0b025f238ace2d",
    "/24.5cec12c9c4d246e75b65.js": "997c23b6ebcde1fc61bf09b487a9ac3461eb64f7",
    "/25.573840a20f4dff11d064.js": "1a0364b614e16c1d7d4ac5bb94a7a16059525551",
    "/26.85f68a5f6eb12503c89c.js": "b8867111bd49ddb23bc7bc23ff3bb84bc9653c1f",
    "/27.bdc47ad4b6ba953bcb71.js": "3aacb88f86b0eafc6b09a69bc0823e2b1a334b0c",
    "/28.0de816d84d12064a3f0c.js": "7992a184fb92b4a8a3acc9be060955656f5ebe67",
    "/29.7a4ce2e41d1f8b9286dd.js": "f6503fc3fb728c21bc96d43ce5b97ca59edf83eb",
    "/3.2f8e6e12fcee2619d633.js": "df878a6761c053f067d111be04102b52c754a979",
    "/30.a2564b7b5abf88f29153.js": "bc0725e1f51ea296524f13a5b143993ecfb81706",
    "/31.4d1eb8e0fd1129988f74.js": "b8d115f7bebd7da4913d4c3d57d43f4ca6884534",
    "/32.43e69cd3bd426c1a1ce4.js": "fb92a53e87eedaaf49c92c866dbf6969f577dc71",
    "/33.5fd734f7bb7eb8b20457.js": "5ef6d0bafd280f38d8b07b82dc55b3e2ecd628f4",
    "/34.ea015b2003ccba159f61.js": "ff19aee594e7d4ea72dcbdf4fa5bb35adce23aff",
    "/35.28a8acd9bbf0669a94d0.js": "e0ffa2e0328fe243b17f98b031acbb3ee3fea5c9",
    "/36.a6018e0531d72c469cc6.js": "19499e86383de21def9110294226b10d5907da79",
    "/37.3889d34b6bc3726e45c1.js": "2b851f0e2720db1f21de7055b3c4c30c803a23e5",
    "/38.abd3022c217ec319d236.js": "06356d56feb48b5460252e12eb7121b54dca85af",
    "/39.4878075ee3db41871cdb.js": "5ee9f566d9dab858d627301109832317213af5f7",
    "/4.db39421dd4dcc4f381aa.js": "0442435a2c8ce92db70c99b35cdb9b4f3b5c659a",
    "/40.e336a291f142885d14b9.js": "c49f06f0a298d1658eed6e48c4488e1c9bb8583b",
    "/41.85bbb8f998ba81417f1b.js": "7c629d7aec321b1ac79a70a36a92df2dc43b86df",
    "/42.32827716e911aed97891.js": "9117f3b6f00391507d9b623a6e3c32eaa05f1dff",
    "/43.a99d5e757719e83517f6.js": "54a490105e5ee5cddfb82074502511d555ed11f1",
    "/44.a4e57436db696b9b9dbc.js": "131dcc0aa3f41406e995edaf0f444befd4a89799",
    "/45.1a7af318cf373f2fd70c.js": "032c1b14701f3898b80223a6c4b4313f1b9bcd6d",
    "/46.4b78611c1b49d0bd1312.js": "e0c8b660a04cf796a13efa5bde471b24dde51346",
    "/47.8bda4cfc995db820a9bd.js": "240c938081e092bff0cfbcd7b0aaed8a107ed19f",
    "/48.eba785ecc95c7afd8888.js": "f3ca9014712d3fa33efea46ab3fcfea94dae9f71",
    "/49.c95598a537b86d5f0d17.js": "8c3b92039e43554079cb91c3c86a59e5b07c0288",
    "/5.48be576fbfab964a874a.js": "fdcf816e940b97b316503fcdf9e37619bd04739e",
    "/50.2ca9796928f4af6e7f55.js": "7bbc178f9cb5cf741a24b4720cca0796a03e56f1",
    "/51.df64397c3d3bb368a808.js": "5d4976fa7a8e077568e2cfe5c3010e895ed3e22b",
    "/52.2384a18b34d4a4643121.js": "510896d8ec3ad9a4dcb74983274d0558c95f0eb2",
    "/53.c7de0ff8d902df4f7fe2.js": "07a21119b095dfd71478c8573cc7ced3b73eb5ab",
    "/54.19a6f9b56b1b7db927e0.js": "d70a18fc97dc5f35c9aa8cc9371507cdcd4fece7",
    "/55.1e3b859bd268105e26de.js": "b94bc797bb1c51b04d4b23ab6d17640bd8f31114",
    "/56.1e384e5307f8dafd9d7c.js": "d5f091dd127223a64c947abd32048a487e4ad99e",
    "/57.799a87b83258d1cb32e9.js": "80ab932896eae5e632e4843e4a137cb42ecbe9b5",
    "/58.94fdcfed256569198bd2.js": "af3b1b386b462ae252d6728ee65e66e701eea2c9",
    "/59.ca7d2bb2ac0928651528.js": "a43f691911b91618c91813ec23150a3f1eca12f2",
    "/6.a25541c3594459d6ca4d.js": "10aa962ebf284009561a15f4b039a0930db96ae9",
    "/60.f07fbd2502d1d6ba15f9.js": "89e172f065a3f995e74469c5b752d7513522b298",
    "/61.316334543224c48ec358.js": "bfa380009ad804c36a3c63ac5597884370fcffdf",
    "/62.f2c2c96994b307da6156.js": "ad7d5c1652d470f4700ee93fe1bab91714ac1864",
    "/63.cb51f35e031e5d22c388.js": "a7c42367da8ac03e136a2f6483533d5432e9579b",
    "/64.64b00ea515d0cf8a37ec.js": "d4bd00c1caa07428e46128b270f7c1045c4f6784",
    "/65.8364b8e6f214b8349478.js": "7310225d12ed1e193ce440d1a022205dd944b8b6",
    "/66.c47c3e254d51c778174c.js": "9a0e93d796e5c77d14b8f289329edb49d4f32968",
    "/67.2e2c854f5587a7b46d19.js": "55d2d856e79a9d0ce35e614a28b89a17e168f066",
    "/68.d48db75294774b4267f7.js": "e224fc32b558ee098e6ef29786545ab993ce8a7c",
    "/69.fda442d3e053b65f3188.js": "19a51357f699cfaaa93ebe535780a3db61d29343",
    "/7.4c13fe81f959b4668d94.js": "6478632dbf41e86648c5db95db61e71eb3e87ec5",
    "/70.724e42d973ef80a77cb2.js": "80d8d90f2760d1d8a3a511de9f654ec128c553c9",
    "/71.abddb8fef6445601dd57.js": "8718d2621e8b6793d602e643dca6efd606bbbc07",
    "/72.6e35a779c1f2832c656c.js": "c783427ba7e1d229bc3ec31facd71310a06ff11e",
    "/73.0197a61243e665bd2135.js": "b4a814b43f53f586b6d2afcf830d88e5e594a913",
    "/74.54b2254403c7d68acec7.js": "64edc5b7cebe2165931dedbd1c512f1472a05983",
    "/75.ab4d6bf165cd3b22c69d.js": "43261691174e40a27f92eb165f445685cf39d9de",
    "/76.2c6915f38a1a0d42c93f.js": "2b9587807e1106f387339e38f93d9c9793de940e",
    "/77.a93ed50b85965d28b57a.js": "4ef80bf0f8404489d974d540e124fcd7ac828236",
    "/78.3d7afbdbee6fc94133bb.js": "0d7464c3487b4c51a0aac91d19415ac07c1f971b",
    "/79.4275dfa477bc4934b65b.js": "cd1183327a47c336358d1f7db88b20c3c7d2f120",
    "/8.ffa7d392bfb4e9963d1e.js": "9a3700720b29cb0df79638b04c77abddab6e5aca",
    "/80.034b1375ad2535a6546a.js": "76f2eb97c964b014682199f4b0179aac7ae3ff7a",
    "/81.a47f1cd24c38d97f7ea0.js": "9f085e4427d016e8744a6ba107b7c2a975e5e18d",
    "/82.0680ffa62bcb867a68fc.js": "8ab5b76005837abb14acd045f7a4a70e6517276d",
    "/83.879f5b7bc078399c5c68.js": "ad8a8372c6e9dc350b846f8ef7bd2793750d448f",
    "/84.8ac3c6ab1aff4c3e077d.js": "5f4f68116e2d606753a894c41ee4b0a6aa53f754",
    "/85.c22370b54515e208d02a.js": "4b03ca63ecf7088cc9b58bdb268cba80d5f5652e",
    "/86.796edd863d32385d5cba.js": "aa60ec5ef7a20f3309e9605e3f6ef390f905f184",
    "/87.98248a6780073485bd0b.js": "09a54e8011c1d829802edd1ea6b3dd3b9e26fc00",
    "/88.911c8b5bf7d88057bfee.js": "553a1b39268c7c7d5d71763dd1e0b34697bc9959",
    "/89.54bd3856c8135a36af45.js": "6d092b2f0f5bc41e2c30c93a09c3bf12b4013582",
    "/9.dc127f81684fa142ef9c.js": "34605bd3b01d7dc3596ff03290b26891b5edd69e",
    "/90.786db96760ff9d35f078.js": "86cbb1002d0ec2a885645247e86814053957201d",
    "/91.574b0423ba7954e9b2f3.js": "393ebbc7092d06474d0271f5c910d83277c502bc",
    "/92.f6864a3fd89425608f4b.js": "486fe96516e102606f62be50dbf7458050e27040",
    "/93.dc5d7fc5ddd6c5bd6b58.js": "1d7863fd9b226ad90a7b0877d2b2022814206e8b",
    "/94.9b118e41c63d819dbc94.js": "7f7bbe085d3e84a1959dc454b2cfc06c42b5bc32",
    "/95.3ea54322a54c3b0c29e4.js": "36d75e6ce5229ae4f68789c733fc56ed90e06139",
    "/96.c0a2ab4f26e2c7adf2c3.js": "17bb2d289ca2bb772c3753319990734fada3b831",
    "/97.c29e1b62c4761f2c930d.js": "49b1d1e0ce31587851b3ea70ef9b64c854863793",
    "/98.6f86bed4120d57afdc1c.js": "35b17c698c71e5172ab8079d6dbe371c77f8defd",
    "/99.c3a99a8be6135df6a5be.js": "67c9e426f4de632d9ddd2e20b9edaad6c79e29b6",
    "/assets/icon/favicon.png": "7798b8e0eb61d7375c245af78bbf5c916932bf13",
    "/assets/icons/icon-128x128.png": "79779f8f581cc7078afd58f3c63594a29004b5e7",
    "/assets/icons/icon-144x144.png": "a48a7f375cb3d0b537bce03e86f26824e5ca508d",
    "/assets/icons/icon-152x152.png": "1c4c783bbb7321bcdadd8fbc065d1903a2b873d1",
    "/assets/icons/icon-192x192.png": "6f21f9fbb42179f49e500e4253b090e40b69e49e",
    "/assets/icons/icon-384x384.png": "22a887a50e3ff80296196c8d02e7c60046694dca",
    "/assets/icons/icon-512x512.png": "71d2c83854183166bfdd9b15480f6a8b03431e80",
    "/assets/icons/icon-72x72.png": "aadb8cfac8290b33dbd071a9256914827ed08b2a",
    "/assets/icons/icon-96x96.png": "142eba2e186cf0260e4fccefdb6cf20c754b8209",
    "/assets/images/Default_Profile.png": "d8e0ff945ae82d90ab3a507166e3a601b5ee8f2c",
    "/assets/images/bg_patern.png": "d7078492ee9dc900b74af5a6a122d5ae605e60d1",
    "/assets/images/fastester_logo.png": "8a14970a60328d7495a9d740b1428bba8ed6d7b8",
    "/assets/images/fuel_icon.jpg": "bcaa6a1b3f0974993ab8d267aa3171bc1df964cf",
    "/assets/images/login_box.png": "1eb85e147bc7991321f29deeeda5d5e3ff4d600b",
    "/assets/images/points2_icon.jpg": "d57905f855c3060e873943c23f89b1936030e26d",
    "/assets/images/points_icon.jpg": "22fef42e7250029641831617f025866fd65d40ef",
    "/assets/images/rookie_icon.jpg": "cb5dc87e8818b96c4bb50a2f7966b4eb1e639b06",
    "/assets/shapes.svg": "5413e95adabcb2cb639970051f55e0ddb64ace53",
    "/common.4adaa20e5a5b28938dd3.js": "63d930f86f20938894015910cec415cfbd981dd9",
    "/es2015-polyfills.8b9447bc0f8cf04c9cff.js": "88f86af3ec83bbc8479184310ab0e27173b9f0cf",
    "/index.html": "2109667966b5ba30bc7d04204b2a3fc3980085fa",
    "/main.cd9c32a021b24ef11b6b.js": "3f83ba20195c67a33714a83200aedaa6ee678392",
    "/polyfills.1783961edf653265edc9.js": "b736a43dbe566dff4734adf5a755369b757d714f",
    "/runtime.32ab01c306c71cee5a52.js": "d01f79b6cf7e374af8688a253f9e3d37eed0f772",
    "/styles.b0ba1c618200972750c0.css": "a0f10139217a8d8bde597387ae1a2cf9ab5f3160"
  },
  "navigationUrls": [
    {
      "positive": true,
      "regex": "^\\/.*$"
    },
    {
      "positive": false,
      "regex": "^\\/(?:.+\\/)?[^/]*\\.[^/]*$"
    },
    {
      "positive": false,
      "regex": "^\\/(?:.+\\/)?[^/]*__[^/]*$"
    },
    {
      "positive": false,
      "regex": "^\\/(?:.+\\/)?[^/]*__[^/]*\\/.*$"
    }
  ]
}